<?xml version="1.0" encoding="UTF-8"?>

<Patient xmlns="http://hl7.org/fhir">
  <id value="PatientBeispiel"/>
  <meta>
    <profile value="http://gefyra.info/simone/StructureDefinition/MeinPatientenProfil"/>
  </meta>
  <text>
    <status value="generated"/><div xmlns="http://www.w3.org/1999/xhtml"><p class="res-header-id"><b>Generated Narrative: Patient PatientBeispiel</b></p><a name="PatientBeispiel"> </a><a name="hcPatientBeispiel"> </a><div style="display: inline-block; background-color: #d9e0e7; padding: 6px; margin: 4px; border: 1px solid #8da1b4; border-radius: 5px; line-height: 60%"><p style="margin-bottom: 0px"/><p style="margin-bottom: 0px">Profile: <a href="StructureDefinition-MeinPatientenProfil.html">MeinPatientenProfil</a></p></div><p style="border: 1px #661aff solid; background-color: #e6e6ff; padding: 10px;">Simone Test Heckmann  Female, DoB: 1980-09-02</p><hr/><table class="grid"><tr><td style="background-color: #f3f5da" title="Alternate names (see the one above)">Alt. Name:</td><td colspan="3">Februar-Schulung </td></tr><tr><td style="background-color: #f3f5da" title="Ways to contact the Patient">Contact Detail</td><td colspan="3">Musterstr. 7 Musterhausen 1234567 </td></tr></table></div>
  </text>
  <name>
    <family value="Heckmann"/>
    <given value="Simone"/>
    <given value="Test"/>
  </name>
  <name>
    <family value="Februar-Schulung"/>
  </name>
  <gender value="female"/>
  <birthDate value="1980-09-02"/>
  <address>
    <extension url="http://gefyra.info/simone/StructureDefinition/MeinePlanetExtension">
      <valueString value="Erde"/>
    </extension>
    <line value="Musterstr. 7"/>
    <city value="Musterhausen"/>
    <postalCode value="1234567"/>
  </address>
</Patient>