{
  "resourceType" : "Bundle",
  "id" : "51e5b130-aea6-485a-9933-18e870ea67bc",
  "meta" : {
    "lastUpdated" : "2026-02-10T10:57:19.442+00:00"
  },
  "type" : "collection",
  "entry" : [{
    "fullUrl" : "http://gefyra.info/simone/ValueSet/MeinQuadrantenValueSet",
    "resource" : {
      "resourceType" : "ValueSet",
      "text" : {
        "status" : "generated",
        "div" : "<div xmlns=\"http://www.w3.org/1999/xhtml\" data-fhir=\"generated\"><p class=\"res-header-id\"/><p style=\"border: black 1px dotted; background-color: #EEEEEE; padding: 8px; margin-bottom: 8px\">Expansion performed internally based on <a href=\"CodeSystem-MeinQuadrantenCodeSystem.html\">codesystem MeinQuadrantenCodeSystem v0.0.1 (CodeSystem)</a><span class=\"copy-text-inline\"><button data-clipboard-text=\"http://gefyra.info/simone/CodeSystem/MeinQuadrantenCodeSystem|0.0.1\" title=\"Click to Copy URL\" class=\"btn-copy\"> </button></span></p><p>This value set contains 4 concepts</p><table class=\"codes\" data-fhir=\"generated\"><tr><td><b>System</b></td><td style=\"white-space:nowrap\"><b>Code</b></td><td><b>Display (en)</b></td><td><b>Definition</b></td><td><b>JSON</b></td><td><b>XML</b></td></tr><tr><td><a name=\"x-http://gefyra.info/simone/CodeSystem/MeinQuadrantenCodeSystem-alpha\"> </a><code>http://gefyra.info/simone/CodeSystem/MeinQuadrantenCodeSystem</code></td><td style=\"white-space:nowrap\">\u00a0\u00a0<a href=\"CodeSystem-MeinQuadrantenCodeSystem.html#MeinQuadrantenCodeSystem-alpha\">alpha</a></td><td>Alpha-Quadrant</td><td>Der Alpha-Quadrant der Milchstraße</td><td><span class=\"copy-text-inline\"><button data-clipboard-text=\"{&quot;system&quot;: &quot;http://gefyra.info/simone/CodeSystem/MeinQuadrantenCodeSystem&quot;, &quot;version&quot;: &quot;0.0.1&quot;, &quot;code&quot;: &quot;alpha&quot;, &quot;display&quot;: &quot;Alpha-Quadrant&quot;}\" title=\"Click to Copy as Coding\" class=\"btn-copy\"> </button></span></td><td><span class=\"copy-text-inline\"><button data-clipboard-text=\"&lt;coding&gt;&lt;system value=&quot;http://gefyra.info/simone/CodeSystem/MeinQuadrantenCodeSystem&quot;&gt;&lt;version value=&quot;0.0.1&quot;&gt;&lt;code value=&quot;alpha&quot;&gt;&lt;display value=&quot;Alpha-Quadrant&quot;&gt;&lt;/coding&gt;\" title=\"Click to Copy as Coding\" class=\"btn-copy\"> </button></span></td></tr><tr><td><a name=\"x-http://gefyra.info/simone/CodeSystem/MeinQuadrantenCodeSystem-beta\"> </a><code>http://gefyra.info/simone/CodeSystem/MeinQuadrantenCodeSystem</code></td><td style=\"white-space:nowrap\">\u00a0\u00a0<a href=\"CodeSystem-MeinQuadrantenCodeSystem.html#MeinQuadrantenCodeSystem-beta\">beta</a></td><td>Beta-Quadrant</td><td>Der Beta-Quadrant der Milchstraße</td><td><span class=\"copy-text-inline\"><button data-clipboard-text=\"{&quot;system&quot;: &quot;http://gefyra.info/simone/CodeSystem/MeinQuadrantenCodeSystem&quot;, &quot;version&quot;: &quot;0.0.1&quot;, &quot;code&quot;: &quot;beta&quot;, &quot;display&quot;: &quot;Beta-Quadrant&quot;}\" title=\"Click to Copy as Coding\" class=\"btn-copy\"> </button></span></td><td><span class=\"copy-text-inline\"><button data-clipboard-text=\"&lt;coding&gt;&lt;system value=&quot;http://gefyra.info/simone/CodeSystem/MeinQuadrantenCodeSystem&quot;&gt;&lt;version value=&quot;0.0.1&quot;&gt;&lt;code value=&quot;beta&quot;&gt;&lt;display value=&quot;Beta-Quadrant&quot;&gt;&lt;/coding&gt;\" title=\"Click to Copy as Coding\" class=\"btn-copy\"> </button></span></td></tr><tr><td><a name=\"x-http://gefyra.info/simone/CodeSystem/MeinQuadrantenCodeSystem-gamma\"> </a><code>http://gefyra.info/simone/CodeSystem/MeinQuadrantenCodeSystem</code></td><td style=\"white-space:nowrap\">\u00a0\u00a0<a href=\"CodeSystem-MeinQuadrantenCodeSystem.html#MeinQuadrantenCodeSystem-gamma\">gamma</a></td><td>Gamma-Quadrant</td><td>Der Gamma-Quadrant der Milchstraße</td><td><span class=\"copy-text-inline\"><button data-clipboard-text=\"{&quot;system&quot;: &quot;http://gefyra.info/simone/CodeSystem/MeinQuadrantenCodeSystem&quot;, &quot;version&quot;: &quot;0.0.1&quot;, &quot;code&quot;: &quot;gamma&quot;, &quot;display&quot;: &quot;Gamma-Quadrant&quot;}\" title=\"Click to Copy as Coding\" class=\"btn-copy\"> </button></span></td><td><span class=\"copy-text-inline\"><button data-clipboard-text=\"&lt;coding&gt;&lt;system value=&quot;http://gefyra.info/simone/CodeSystem/MeinQuadrantenCodeSystem&quot;&gt;&lt;version value=&quot;0.0.1&quot;&gt;&lt;code value=&quot;gamma&quot;&gt;&lt;display value=&quot;Gamma-Quadrant&quot;&gt;&lt;/coding&gt;\" title=\"Click to Copy as Coding\" class=\"btn-copy\"> </button></span></td></tr><tr><td><a name=\"x-http://gefyra.info/simone/CodeSystem/MeinQuadrantenCodeSystem-delta\"> </a><code>http://gefyra.info/simone/CodeSystem/MeinQuadrantenCodeSystem</code></td><td style=\"white-space:nowrap\">\u00a0\u00a0<a href=\"CodeSystem-MeinQuadrantenCodeSystem.html#MeinQuadrantenCodeSystem-delta\">delta</a></td><td>Delta-Quadrant</td><td>Der Delta-Quadrant der Milchstraße</td><td><span class=\"copy-text-inline\"><button data-clipboard-text=\"{&quot;system&quot;: &quot;http://gefyra.info/simone/CodeSystem/MeinQuadrantenCodeSystem&quot;, &quot;version&quot;: &quot;0.0.1&quot;, &quot;code&quot;: &quot;delta&quot;, &quot;display&quot;: &quot;Delta-Quadrant&quot;}\" title=\"Click to Copy as Coding\" class=\"btn-copy\"> </button></span></td><td><span class=\"copy-text-inline\"><button data-clipboard-text=\"&lt;coding&gt;&lt;system value=&quot;http://gefyra.info/simone/CodeSystem/MeinQuadrantenCodeSystem&quot;&gt;&lt;version value=&quot;0.0.1&quot;&gt;&lt;code value=&quot;delta&quot;&gt;&lt;display value=&quot;Delta-Quadrant&quot;&gt;&lt;/coding&gt;\" title=\"Click to Copy as Coding\" class=\"btn-copy\"> </button></span></td></tr></table></div>"
      },
      "url" : "http://gefyra.info/simone/ValueSet/MeinQuadrantenValueSet",
      "version" : "0.0.1",
      "name" : "MeinQuadrantenValueSet",
      "status" : "draft",
      "date" : "2026-02-10T10:57:19+00:00",
      "expansion" : {
        "identifier" : "urn:uuid:8ee5cad6-85fe-4dd0-ac17-5d751f2e41dd",
        "timestamp" : "2026-02-10T10:58:18+00:00",
        "total" : 4,
        "offset" : 0,
        "parameter" : [{
          "name" : "displayLanguage",
          "valueCode" : "en"
        },
        {
          "name" : "count",
          "valueInteger" : 1000
        },
        {
          "name" : "offset",
          "valueInteger" : 0
        },
        {
          "name" : "excludeNested",
          "valueBoolean" : false
        },
        {
          "name" : "used-codesystem",
          "valueUri" : "http://gefyra.info/simone/CodeSystem/MeinQuadrantenCodeSystem|0.0.1"
        }],
        "contains" : [{
          "system" : "http://gefyra.info/simone/CodeSystem/MeinQuadrantenCodeSystem",
          "code" : "alpha",
          "display" : "Alpha-Quadrant"
        },
        {
          "system" : "http://gefyra.info/simone/CodeSystem/MeinQuadrantenCodeSystem",
          "code" : "beta",
          "display" : "Beta-Quadrant"
        },
        {
          "system" : "http://gefyra.info/simone/CodeSystem/MeinQuadrantenCodeSystem",
          "code" : "gamma",
          "display" : "Gamma-Quadrant"
        },
        {
          "system" : "http://gefyra.info/simone/CodeSystem/MeinQuadrantenCodeSystem",
          "code" : "delta",
          "display" : "Delta-Quadrant"
        }]
      }
    }
  }]
}