<?xml version="1.0" encoding="UTF-8"?>

<Bundle xmlns="http://hl7.org/fhir">
  <id value="51e5b130-aea6-485a-9933-18e870ea67bc"/>
  <meta>
    <lastUpdated value="2026-02-10T10:57:19.442+00:00"/>
  </meta>
  <type value="collection"/>
  <entry>
    <fullUrl value="http://gefyra.info/simone/ValueSet/MeinQuadrantenValueSet"/>
    <resource>
      <ValueSet>
        <text>
          <status value="generated"/>
          <div xmlns="http://www.w3.org/1999/xhtml" data-fhir="generated">
            <p class="res-header-id"/>
            <p style="border: black 1px dotted; background-color: #EEEEEE; padding: 8px; margin-bottom: 8px">Expansion performed internally based on 
              <a href="CodeSystem-MeinQuadrantenCodeSystem.html">codesystem MeinQuadrantenCodeSystem v0.0.1 (CodeSystem)</a>
              <span class="copy-text-inline">
                <button data-clipboard-text="http://gefyra.info/simone/CodeSystem/MeinQuadrantenCodeSystem|0.0.1" title="Click to Copy URL" class="btn-copy"> </button>
              </span>
            </p>
            <p>This value set contains 4 concepts</p>
            <table class="codes" data-fhir="generated">
              <tr>
                <td>
                  <b>System</b>
                </td>
                <td style="white-space:nowrap">
                  <b>Code</b>
                </td>
                <td>
                  <b>Display (en)</b>
                </td>
                <td>
                  <b>Definition</b>
                </td>
                <td>
                  <b>JSON</b>
                </td>
                <td>
                  <b>XML</b>
                </td>
              </tr>
              <tr>
                <td>
                  <a name="x-http://gefyra.info/simone/CodeSystem/MeinQuadrantenCodeSystem-alpha"> </a>
                  <code>http://gefyra.info/simone/CodeSystem/MeinQuadrantenCodeSystem</code>
                </td>
                <td style="white-space:nowrap">  
                  <a href="CodeSystem-MeinQuadrantenCodeSystem.html#MeinQuadrantenCodeSystem-alpha">alpha</a>
                </td>
                <td>Alpha-Quadrant</td>
                <td>Der Alpha-Quadrant der Milchstraße</td>
                <td>
                  <span class="copy-text-inline">
                    <button data-clipboard-text="{&quot;system&quot;: &quot;http://gefyra.info/simone/CodeSystem/MeinQuadrantenCodeSystem&quot;, &quot;version&quot;: &quot;0.0.1&quot;, &quot;code&quot;: &quot;alpha&quot;, &quot;display&quot;: &quot;Alpha-Quadrant&quot;}" title="Click to Copy as Coding" class="btn-copy"> </button>
                  </span>
                </td>
                <td>
                  <span class="copy-text-inline">
                    <button data-clipboard-text="&lt;coding&gt;&lt;system value=&quot;http://gefyra.info/simone/CodeSystem/MeinQuadrantenCodeSystem&quot;&gt;&lt;version value=&quot;0.0.1&quot;&gt;&lt;code value=&quot;alpha&quot;&gt;&lt;display value=&quot;Alpha-Quadrant&quot;&gt;&lt;/coding&gt;" title="Click to Copy as Coding" class="btn-copy"> </button>
                  </span>
                </td>
              </tr>
              <tr>
                <td>
                  <a name="x-http://gefyra.info/simone/CodeSystem/MeinQuadrantenCodeSystem-beta"> </a>
                  <code>http://gefyra.info/simone/CodeSystem/MeinQuadrantenCodeSystem</code>
                </td>
                <td style="white-space:nowrap">  
                  <a href="CodeSystem-MeinQuadrantenCodeSystem.html#MeinQuadrantenCodeSystem-beta">beta</a>
                </td>
                <td>Beta-Quadrant</td>
                <td>Der Beta-Quadrant der Milchstraße</td>
                <td>
                  <span class="copy-text-inline">
                    <button data-clipboard-text="{&quot;system&quot;: &quot;http://gefyra.info/simone/CodeSystem/MeinQuadrantenCodeSystem&quot;, &quot;version&quot;: &quot;0.0.1&quot;, &quot;code&quot;: &quot;beta&quot;, &quot;display&quot;: &quot;Beta-Quadrant&quot;}" title="Click to Copy as Coding" class="btn-copy"> </button>
                  </span>
                </td>
                <td>
                  <span class="copy-text-inline">
                    <button data-clipboard-text="&lt;coding&gt;&lt;system value=&quot;http://gefyra.info/simone/CodeSystem/MeinQuadrantenCodeSystem&quot;&gt;&lt;version value=&quot;0.0.1&quot;&gt;&lt;code value=&quot;beta&quot;&gt;&lt;display value=&quot;Beta-Quadrant&quot;&gt;&lt;/coding&gt;" title="Click to Copy as Coding" class="btn-copy"> </button>
                  </span>
                </td>
              </tr>
              <tr>
                <td>
                  <a name="x-http://gefyra.info/simone/CodeSystem/MeinQuadrantenCodeSystem-gamma"> </a>
                  <code>http://gefyra.info/simone/CodeSystem/MeinQuadrantenCodeSystem</code>
                </td>
                <td style="white-space:nowrap">  
                  <a href="CodeSystem-MeinQuadrantenCodeSystem.html#MeinQuadrantenCodeSystem-gamma">gamma</a>
                </td>
                <td>Gamma-Quadrant</td>
                <td>Der Gamma-Quadrant der Milchstraße</td>
                <td>
                  <span class="copy-text-inline">
                    <button data-clipboard-text="{&quot;system&quot;: &quot;http://gefyra.info/simone/CodeSystem/MeinQuadrantenCodeSystem&quot;, &quot;version&quot;: &quot;0.0.1&quot;, &quot;code&quot;: &quot;gamma&quot;, &quot;display&quot;: &quot;Gamma-Quadrant&quot;}" title="Click to Copy as Coding" class="btn-copy"> </button>
                  </span>
                </td>
                <td>
                  <span class="copy-text-inline">
                    <button data-clipboard-text="&lt;coding&gt;&lt;system value=&quot;http://gefyra.info/simone/CodeSystem/MeinQuadrantenCodeSystem&quot;&gt;&lt;version value=&quot;0.0.1&quot;&gt;&lt;code value=&quot;gamma&quot;&gt;&lt;display value=&quot;Gamma-Quadrant&quot;&gt;&lt;/coding&gt;" title="Click to Copy as Coding" class="btn-copy"> </button>
                  </span>
                </td>
              </tr>
              <tr>
                <td>
                  <a name="x-http://gefyra.info/simone/CodeSystem/MeinQuadrantenCodeSystem-delta"> </a>
                  <code>http://gefyra.info/simone/CodeSystem/MeinQuadrantenCodeSystem</code>
                </td>
                <td style="white-space:nowrap">  
                  <a href="CodeSystem-MeinQuadrantenCodeSystem.html#MeinQuadrantenCodeSystem-delta">delta</a>
                </td>
                <td>Delta-Quadrant</td>
                <td>Der Delta-Quadrant der Milchstraße</td>
                <td>
                  <span class="copy-text-inline">
                    <button data-clipboard-text="{&quot;system&quot;: &quot;http://gefyra.info/simone/CodeSystem/MeinQuadrantenCodeSystem&quot;, &quot;version&quot;: &quot;0.0.1&quot;, &quot;code&quot;: &quot;delta&quot;, &quot;display&quot;: &quot;Delta-Quadrant&quot;}" title="Click to Copy as Coding" class="btn-copy"> </button>
                  </span>
                </td>
                <td>
                  <span class="copy-text-inline">
                    <button data-clipboard-text="&lt;coding&gt;&lt;system value=&quot;http://gefyra.info/simone/CodeSystem/MeinQuadrantenCodeSystem&quot;&gt;&lt;version value=&quot;0.0.1&quot;&gt;&lt;code value=&quot;delta&quot;&gt;&lt;display value=&quot;Delta-Quadrant&quot;&gt;&lt;/coding&gt;" title="Click to Copy as Coding" class="btn-copy"> </button>
                  </span>
                </td>
              </tr>
            </table>
          </div>
        </text>
        <url value="http://gefyra.info/simone/ValueSet/MeinQuadrantenValueSet"/>
        <version value="0.0.1"/>
        <name value="MeinQuadrantenValueSet"/>
        <status value="draft"/>
        <date value="2026-02-10T10:57:19+00:00"/>
        <expansion>
          <identifier value="urn:uuid:8ee5cad6-85fe-4dd0-ac17-5d751f2e41dd"/>
          <timestamp value="2026-02-10T10:58:18+00:00"/>
          <total value="4"/>
          <offset value="0"/>
          <parameter>
            <name value="displayLanguage"/>
            <valueCode value="en"/>
          </parameter>
          <parameter>
            <name value="count"/>
            <valueInteger value="1000"/>
          </parameter>
          <parameter>
            <name value="offset"/>
            <valueInteger value="0"/>
          </parameter>
          <parameter>
            <name value="excludeNested"/>
            <valueBoolean value="false"/>
          </parameter>
          <parameter>
            <name value="used-codesystem"/>
            <valueUri value="http://gefyra.info/simone/CodeSystem/MeinQuadrantenCodeSystem|0.0.1"/>
          </parameter>
          <contains>
            <system value="http://gefyra.info/simone/CodeSystem/MeinQuadrantenCodeSystem"/>
            <code value="alpha"/>
            <display value="Alpha-Quadrant"/>
          </contains>
          <contains>
            <system value="http://gefyra.info/simone/CodeSystem/MeinQuadrantenCodeSystem"/>
            <code value="beta"/>
            <display value="Beta-Quadrant"/>
          </contains>
          <contains>
            <system value="http://gefyra.info/simone/CodeSystem/MeinQuadrantenCodeSystem"/>
            <code value="gamma"/>
            <display value="Gamma-Quadrant"/>
          </contains>
          <contains>
            <system value="http://gefyra.info/simone/CodeSystem/MeinQuadrantenCodeSystem"/>
            <code value="delta"/>
            <display value="Delta-Quadrant"/>
          </contains>
        </expansion>
      </ValueSet>
    </resource>
  </entry>
</Bundle>