{
  "resourceType": "CodeSystem",
  "status": "draft",
  "content": "complete",
  "name": "MeinQuadrantenCodeSystem",
  "id": "MeinQuadrantenCodeSystem",
  "description": "Terminologie zur Codierung der Quadranten der Milchstraße",
  "url": "http://gefyra.info/simone/CodeSystem/MeinQuadrantenCodeSystem",
  "concept": [
    {
      "code": "alpha",
      "display": "Alpha-Quadrant",
      "definition": "Der Alpha-Quadrant der Milchstraße"
    },
    {
      "code": "beta",
      "display": "Beta-Quadrant",
      "definition": "Der Beta-Quadrant der Milchstraße"
    },
    {
      "code": "gamma",
      "display": "Gamma-Quadrant",
      "definition": "Der Gamma-Quadrant der Milchstraße"
    },
    {
      "code": "delta",
      "display": "Delta-Quadrant",
      "definition": "Der Delta-Quadrant der Milchstraße"
    }
  ],
  "contact": [
    {
      "name": "Simone Heckmann",
      "telecom": [
        {
          "system": "phone",
          "value": "1234235345-3456"
        }
      ]
    }
  ],
  "count": 4
}
