{
  "resourceType": "ImplementationGuide",
  "id": "info.gefyra.training",
  "url": "http://gefyra.info/simone/ImplementationGuide/info.gefyra.training",
  "version": "0.0.1",
  "name": "SchulungsIG",
  "status": "draft",
  "publisher": "Gefyra GmbH",
  "contact": [
    {
      "name": "Gefyra GmbH",
      "telecom": [
        {
          "system": "url",
          "value": "https://gefyra.info/"
        }
      ]
    }
  ],
  "packageId": "info.gefyra.training",
  "fhirVersion": [
    "4.0.1"
  ],
  "definition": {
    "resource": [
      {
        "reference": {
          "reference": "StructureDefinition/MeinePlanetExtension"
        },
        "name": "MeinePlanetExtension",
        "description": "Dies ist eine Extension, um Angaben zum Planeten an eine Adresse hinzuzufügen",
        "exampleBoolean": false
      },
      {
        "reference": {
          "reference": "StructureDefinition/MeinPatientenProfil"
        },
        "name": "MeinPatientenProfil",
        "description": "Die ist ein Patienten-Profil mit den Minimalanforderungen für Patientenstammdaten.",
        "exampleBoolean": false
      },
      {
        "reference": {
          "reference": "StructureDefinition/MyPatient"
        },
        "name": "MyPatient",
        "description": "An example profile of the Patient resource.",
        "exampleBoolean": false
      },
      {
        "reference": {
          "reference": "Patient/PatientBeispiel"
        },
        "name": "PatientBeispiel",
        "description": "Dies ist ein Beispielpatient.",
        "exampleCanonical": "http://gefyra.info/simone/StructureDefinition/MeinPatientenProfil"
      },
      {
        "reference": {
          "reference": "Patient/PatientExample"
        },
        "name": "PatientExample",
        "description": "An example of a patient with a license to krill.",
        "exampleCanonical": "http://gefyra.info/simone/StructureDefinition/MyPatient"
      }
    ],
    "page": {
      "nameUrl": "toc.html",
      "title": "Table of Contents",
      "generation": "html",
      "page": [
        {
          "nameUrl": "index.html",
          "title": "Home",
          "generation": "markdown"
        },
        {
          "nameUrl": "ChangeLog.html",
          "title": "Change Log",
          "generation": "markdown"
        }
      ]
    },
    "parameter": [
      {
        "code": "copyrightyear",
        "value": "2025+"
      },
      {
        "code": "releaselabel",
        "value": "ci-build"
      }
    ]
  }
}
