{
  "resourceType": "Patient",
  "id": "PatientBeispiel",
  "meta": {
    "profile": [
      "http://gefyra.info/simone/StructureDefinition/MeinPatientenProfil"
    ]
  },
  "name": [
    {
      "given": [
        "Simone",
        "Test"
      ],
      "family": "Heckmann"
    },
    {
      "family": "Februar-Schulung"
    }
  ],
  "address": [
    {
      "line": [
        "Musterstr. 7"
      ],
      "extension": [
        {
          "url": "http://gefyra.info/simone/StructureDefinition/MeinePlanetExtension",
          "valueString": "Erde"
        }
      ],
      "postalCode": "1234567",
      "city": "Musterhausen"
    }
  ],
  "birthDate": "1980-09-02",
  "gender": "female"
}
