{
  "resourceType": "Patient",
  "id": "PatientBeispiel",
  "meta": {
    "profile": [
      "http://gefyra.info/simone/StructureDefinition/MeinPatientenProfil"
    ]
  },
  "identifier": [
    {
      "system": "http://fhir.ufp/sid/ufp-citizen-id",
      "value": "32476eurg23457846rertreeruz547854675"
    },
    {
      "system": "http://fhir.de/sid/gkv/kvid-10",
      "value": "A123123123xxx"
    }
  ],
  "name": [
    {
      "given": [
        "Simone",
        "Test"
      ],
      "use": "official",
      "family": "Heckmann"
    },
    {
      "use": "maiden",
      "family": "Februar-Schulung"
    }
  ],
  "address": [
    {
      "line": [
        "Musterstr. 7"
      ],
      "extension": [
        {
          "url": "http://gefyra.info/simone/StructureDefinition/MeineQuadrantenExtension",
          "valueCode": "alpha"
        },
        {
          "url": "http://gefyra.info/simone/StructureDefinition/MeinePlanetExtension",
          "valueString": "Erde"
        }
      ],
      "postalCode": "1234567",
      "city": "Musterhausen"
    }
  ],
  "extension": [
    {
      "url": "http://gefyra.info/simone/StructureDefinition/MeineSpeziesExtension",
      "valueCodeableConcept": {
        "coding": [
          {
            "code": "VK",
            "system": "http://fhir.ufp/CodeSystem/species",
            "display": "Vulcan"
          }
        ]
      }
    }
  ],
  "active": true,
  "birthDate": "1980-09-02",
  "gender": "female",
  "maritalStatus": {
    "coding": [
      {
        "code": "P",
        "system": "http://terminology.hl7.org/CodeSystem/v3-MaritalStatus",
        "display": "Polygamous"
      }
    ]
  }
}
