{
  "resourceType": "StructureDefinition",
  "id": "MeinPatientenProfil",
  "url": "http://gefyra.info/simone/StructureDefinition/MeinPatientenProfil",
  "name": "MeinPatientenProfil",
  "status": "draft",
  "contact": [
    {
      "name": "Simone Heckmann",
      "telecom": [
        {
          "system": "phone",
          "value": "1234235345-3456"
        }
      ]
    }
  ],
  "description": "Die ist ein Patienten-Profil mit den Minimalanforderungen für Patientenstammdaten.",
  "fhirVersion": "4.0.1",
  "kind": "resource",
  "abstract": false,
  "type": "Patient",
  "baseDefinition": "http://hl7.org/fhir/StructureDefinition/Patient",
  "derivation": "constraint",
  "differential": {
    "element": [
      {
        "id": "Patient.extension",
        "path": "Patient.extension",
        "slicing": {
          "discriminator": [
            {
              "type": "value",
              "path": "url"
            }
          ],
          "ordered": false,
          "rules": "open"
        },
        "min": 1
      },
      {
        "id": "Patient.extension:spezies",
        "path": "Patient.extension",
        "sliceName": "spezies",
        "min": 1,
        "max": "*",
        "type": [
          {
            "code": "Extension",
            "profile": [
              "http://gefyra.info/simone/StructureDefinition/MeineSpeziesExtension"
            ]
          }
        ],
        "mustSupport": true
      },
      {
        "id": "Patient.identifier",
        "path": "Patient.identifier",
        "slicing": {
          "discriminator": [
            {
              "type": "pattern",
              "path": "$this"
            }
          ],
          "rules": "open",
          "ordered": false
        },
        "min": 1
      },
      {
        "id": "Patient.identifier:buergerNummer",
        "path": "Patient.identifier",
        "sliceName": "buergerNummer",
        "short": "Eindeutige, galaxieweite Bürgernummer",
        "min": 1,
        "max": "1",
        "patternIdentifier": {
          "system": "http://fhir.ufp/sid/ufp-citizen-id"
        },
        "mustSupport": true
      },
      {
        "id": "Patient.identifier:buergerNummer.system",
        "path": "Patient.identifier.system",
        "min": 1,
        "mustSupport": true
      },
      {
        "id": "Patient.identifier:buergerNummer.value",
        "path": "Patient.identifier.value",
        "min": 1,
        "mustSupport": true
      },
      {
        "id": "Patient.identifier:krankenversichertenNummer",
        "path": "Patient.identifier",
        "sliceName": "krankenversichertenNummer",
        "min": 0,
        "max": "1",
        "patternIdentifier": {
          "system": "http://fhir.de/sid/gkv/kvid-10"
        },
        "mustSupport": true
      },
      {
        "id": "Patient.identifier:krankenversichertenNummer.system",
        "path": "Patient.identifier.system",
        "min": 1,
        "mustSupport": true
      },
      {
        "id": "Patient.identifier:krankenversichertenNummer.value",
        "path": "Patient.identifier.value",
        "min": 1,
        "constraint": [
          {
            "key": "KVNRPruefen",
            "severity": "error",
            "human": "Die Versichertennummer muss 10-stellig sein, mit einem Großbuchstaben beginnen, gefolgt von 9 Zahlen",
            "expression": "matches('^[A-Z][0-9]{9}$')",
            "source": "http://gefyra.info/simone/StructureDefinition/MeinPatientenProfil"
          }
        ],
        "mustSupport": true
      },
      {
        "id": "Patient.identifier:einrichtungsspezifisch",
        "path": "Patient.identifier",
        "sliceName": "einrichtungsspezifisch",
        "min": 0,
        "max": "1",
        "patternIdentifier": {
          "type": {
            "coding": [
              {
                "code": "MR"
              }
            ]
          }
        },
        "mustSupport": true
      },
      {
        "id": "Patient.identifier:einrichtungsspezifisch.value",
        "path": "Patient.identifier.value",
        "min": 1,
        "mustSupport": true
      },
      {
        "id": "Patient.active",
        "path": "Patient.active",
        "min": 1,
        "fixedBoolean": true,
        "mustSupport": true
      },
      {
        "id": "Patient.name",
        "path": "Patient.name",
        "slicing": {
          "discriminator": [
            {
              "type": "value",
              "path": "use"
            }
          ],
          "rules": "closed"
        },
        "min": 2
      },
      {
        "id": "Patient.name:officialName",
        "path": "Patient.name",
        "sliceName": "officialName",
        "min": 1,
        "max": "1",
        "mustSupport": true
      },
      {
        "id": "Patient.name:officialName.use",
        "path": "Patient.name.use",
        "min": 1,
        "patternCode": "official",
        "mustSupport": true
      },
      {
        "id": "Patient.name:officialName.family",
        "path": "Patient.name.family",
        "min": 1,
        "mustSupport": true
      },
      {
        "id": "Patient.name:officialName.given",
        "path": "Patient.name.given",
        "min": 1,
        "mustSupport": true
      },
      {
        "id": "Patient.name:maidenName",
        "path": "Patient.name",
        "sliceName": "maidenName",
        "min": 1,
        "max": "1",
        "mustSupport": true
      },
      {
        "id": "Patient.name:maidenName.use",
        "path": "Patient.name.use",
        "min": 1,
        "patternCode": "maiden",
        "mustSupport": true
      },
      {
        "id": "Patient.name:maidenName.family",
        "path": "Patient.name.family",
        "min": 1,
        "mustSupport": true
      },
      {
        "id": "Patient.birthDate",
        "path": "Patient.birthDate",
        "short": "Geburtsdatum",
        "comment": "Ist ein Pflichtfeld weil...",
        "mustSupport": true
      },
      {
        "id": "Patient.address",
        "path": "Patient.address",
        "mustSupport": true
      },
      {
        "id": "Patient.address.extension",
        "path": "Patient.address.extension",
        "min": 2
      },
      {
        "id": "Patient.address.extension:planet",
        "path": "Patient.address.extension",
        "sliceName": "planet",
        "min": 1,
        "max": "1",
        "type": [
          {
            "code": "Extension",
            "profile": [
              "http://gefyra.info/simone/StructureDefinition/MeinePlanetExtension"
            ]
          }
        ],
        "mustSupport": true
      },
      {
        "id": "Patient.address.extension:quadrant",
        "path": "Patient.address.extension",
        "sliceName": "quadrant",
        "min": 1,
        "max": "1",
        "type": [
          {
            "code": "Extension",
            "profile": [
              "http://gefyra.info/simone/StructureDefinition/MeineQuadrantenExtension"
            ]
          }
        ],
        "mustSupport": true
      },
      {
        "id": "Patient.address.line",
        "path": "Patient.address.line",
        "min": 1,
        "mustSupport": true
      },
      {
        "id": "Patient.address.city",
        "path": "Patient.address.city",
        "mustSupport": true
      },
      {
        "id": "Patient.address.postalCode",
        "path": "Patient.address.postalCode",
        "min": 1,
        "mustSupport": true
      }
    ]
  }
}
