{
  "resourceType": "StructureDefinition",
  "id": "MeineQuadrantenExtension",
  "url": "http://gefyra.info/simone/StructureDefinition/MeineQuadrantenExtension",
  "name": "MeineQuadrantenExtension",
  "status": "draft",
  "contact": [
    {
      "name": "Simone Heckmann",
      "telecom": [
        {
          "system": "phone",
          "value": "1234235345-3456"
        }
      ]
    }
  ],
  "description": "Extension zur Angabe des Quadranten an einer Adresse",
  "fhirVersion": "4.0.1",
  "kind": "complex-type",
  "abstract": false,
  "context": [
    {
      "type": "element",
      "expression": "Address"
    }
  ],
  "type": "Extension",
  "baseDefinition": "http://hl7.org/fhir/StructureDefinition/Extension",
  "derivation": "constraint",
  "differential": {
    "element": [
      {
        "id": "Extension",
        "path": "Extension",
        "definition": "Extension zur Angabe des Quadranten an einer Adresse"
      },
      {
        "id": "Extension.extension",
        "path": "Extension.extension",
        "max": "0"
      },
      {
        "id": "Extension.url",
        "path": "Extension.url",
        "fixedUri": "http://gefyra.info/simone/StructureDefinition/MeineQuadrantenExtension"
      },
      {
        "id": "Extension.value[x]",
        "path": "Extension.value[x]",
        "type": [
          {
            "code": "code"
          }
        ],
        "binding": {
          "strength": "required",
          "valueSet": "http://gefyra.info/simone/ValueSet/MeinQuadrantenValueSet"
        }
      }
    ]
  }
}
