{
  "resourceType": "StructureDefinition",
  "id": "MeinePlanetExtension",
  "url": "http://gefyra.info/simone/StructureDefinition/MeinePlanetExtension",
  "name": "MeinePlanetExtension",
  "status": "draft",
  "contact": [
    {
      "name": "Simone Heckmann",
      "telecom": [
        {
          "system": "phone",
          "value": "1234235345-3456"
        }
      ]
    }
  ],
  "description": "Dies ist eine Extension, um Angaben zum Planeten an eine Adresse hinzuzufügen",
  "fhirVersion": "4.0.1",
  "kind": "complex-type",
  "abstract": false,
  "context": [
    {
      "type": "element",
      "expression": "Element"
    }
  ],
  "type": "Extension",
  "baseDefinition": "http://hl7.org/fhir/StructureDefinition/Extension",
  "derivation": "constraint",
  "differential": {
    "element": [
      {
        "id": "Extension",
        "path": "Extension",
        "definition": "Dies ist eine Extension, um Angaben zum Planeten an eine Adresse hinzuzufügen"
      },
      {
        "id": "Extension.extension",
        "path": "Extension.extension",
        "max": "0"
      },
      {
        "id": "Extension.url",
        "path": "Extension.url",
        "fixedUri": "http://gefyra.info/simone/StructureDefinition/MeinePlanetExtension"
      },
      {
        "id": "Extension.value[x]",
        "path": "Extension.value[x]",
        "type": [
          {
            "code": "string"
          }
        ]
      }
    ]
  }
}
