{
  "resourceType": "ValueSet",
  "status": "draft",
  "name": "MeinQuadrantenValueSet",
  "id": "MeinQuadrantenValueSet",
  "description": "Valueset zur Codierung der Quadranten der Milchstraße",
  "url": "http://gefyra.info/simone/ValueSet/MeinQuadrantenValueSet",
  "contact": [
    {
      "name": "Simone Heckmann",
      "telecom": [
        {
          "system": "phone",
          "value": "1234235345-3456"
        }
      ]
    }
  ],
  "compose": {
    "include": [
      {
        "system": "http://gefyra.info/simone/CodeSystem/MeinQuadrantenCodeSystem"
      }
    ]
  }
}
