<?xml version="1.0" encoding="UTF-8"?><ValueSet xmlns="http://hl7.org/fhir"><id value="MeinQuadrantenValueSet"/><text><status value="generated"/><div xmlns="http://www.w3.org/1999/xhtml"><p class="res-header-id"><b>Generated Narrative: ValueSet MeinQuadrantenValueSet</b></p><a name="MeinQuadrantenValueSet"> </a><a name="hcMeinQuadrantenValueSet"> </a><ul><li>Include all codes defined in <a href="CodeSystem-MeinQuadrantenCodeSystem.html"><code>http://gefyra.info/simone/CodeSystem/MeinQuadrantenCodeSystem</code></a><span title="Version is not explicitly stated, which means it is fixed to the version provided in this specification"> version 📦0.0.1</span></li></ul></div></text><url value="http://gefyra.info/simone/ValueSet/MeinQuadrantenValueSet"/><version value="0.0.1"/><name value="MeinQuadrantenValueSet"/><status value="draft"/><date value="2026-02-10T10:57:19+00:00"/><publisher value="Gefyra GmbH"/><contact><name value="Gefyra GmbH"/><telecom><system value="url"/><value value="https://gefyra.info/"/></telecom></contact><description value="Valueset zur Codierung der Quadranten der Milchstraße"/><compose><include><system value="http://gefyra.info/simone/CodeSystem/MeinQuadrantenCodeSystem"/></include></compose></ValueSet>